_unit_id,_unit_state,_trusted_judgments,birthplace,date_of_birth,race_ethnicity,religion,sexual_orientation,year_of_award,award,biourl,movie,person
670454353,finalized,3,"Chisinau, Moldova",30-Sep-1895,White,Na,Straight,1927,Best Director,http://www.nndb.com/people/320/000043191/,Two Arabian Knights,Lewis Milestone
670454354,finalized,3,"Glasgow, Scotland",2-Feb-1886,White,Na,Straight,1930,Best Director,http://www.nndb.com/people/626/000042500/,The Divine Lady,Frank Lloyd
670454355,finalized,3,"Chisinau, Moldova",30-Sep-1895,White,Na,Straight,1931,Best Director,http://www.nndb.com/people/320/000043191/,All Quiet on the Western Front,Lewis Milestone
670454356,finalized,3,"Chicago, Il",23-Feb-1899,White,Na,Straight,1932,Best Director,http://www.nndb.com/people/544/000041421/,Skippy,Norman Taurog
670454357,finalized,3,"Salt Lake City, Ut",23-Apr-1894,White,Roman Catholic,Straight,1933,Best Director,http://www.nndb.com/people/292/000044160/,Bad Girl,Frank Borzage
670454358,finalized,3,"Glasgow, Scotland",2-Feb-1886,White,Na,Straight,1934,Best Director,http://www.nndb.com/people/626/000042500/,Cavalcade,Frank Lloyd
670454359,finalized,3,"Bisacquino, Sicily, Italy",18-May-1897,White,Roman Catholic,Straight,1935,Best Director,http://www.nndb.com/people/459/000032363/,It Happened One Night,Frank Capra
670454360,finalized,3,"Cape Elizabeth, Me",1-Feb-1894,White,Roman Catholic,Bisexual,1936,Best Director,http://www.nndb.com/people/458/000032362/,The Informer,John Ford
670454361,finalized,3,"Bisacquino, Sicily, Italy",18-May-1897,White,Roman Catholic,Straight,1937,Best Director,http://www.nndb.com/people/459/000032363/,Mr. Deeds Goes to Town,Frank Capra
670454362,finalized,3,"Los Angeles, Ca",3-Oct-1898,White,Na,Straight,1938,Best Director,http://www.nndb.com/people/380/000044248/,The Awful Truth,Leo McCarey
670454363,finalized,3,"Bisacquino, Sicily, Italy",18-May-1897,White,Roman Catholic,Straight,1939,Best Director,http://www.nndb.com/people/459/000032363/,You Can't Take It with You,Frank Capra
670454364,finalized,3,"Pasadena, Ca",23-Feb-1883,White,Na,Straight,1940,Best Director,http://www.nndb.com/people/416/000041293/,Gone with the Wind,Victor Fleming
670454365,finalized,3,"Cape Elizabeth, Me",1-Feb-1894,White,Roman Catholic,Bisexual,1941,Best Director,http://www.nndb.com/people/458/000032362/,The Grapes of Wrath,John Ford
670454366,finalized,3,"Cape Elizabeth, Me",1-Feb-1894,White,Roman Catholic,Bisexual,1942,Best Director,http://www.nndb.com/people/458/000032362/,How Green Was My Valley,John Ford
670454367,finalized,3,"Mulhouse, Haut-Rhin, Alsace, France",1-Jul-02,White,Na,Straight,1943,Best Director,http://www.nndb.com/people/463/000032367/,Mrs. Miniver,William Wyler
670454368,finalized,3,"Budapest, Hungary",24-Dec-1886,White,Na,Straight,1944,Best Director,http://www.nndb.com/people/676/000032580/,Casablanca,Michael Curtiz
670454369,finalized,3,"Los Angeles, Ca",3-Oct-1898,White,Na,Straight,1945,Best Director,http://www.nndb.com/people/380/000044248/,Going My Way,Leo McCarey
670454370,finalized,3,New York City,11-Oct-18,White,Jewish,Gay,1962,Best Director,http://www.nndb.com/people/281/000064089/,West Side Story,Jerome Robbins
670454371,finalized,3,"Sucha, Galicia, Austria",22-Jun-06,White,Jewish,Straight,1946,Best Director,http://www.nndb.com/people/982/000024910/,The Lost Weekend,Billy Wilder
670454372,finalized,3,"Mulhouse, Haut-Rhin, Alsace, France",1-Jul-02,White,Na,Straight,1947,Best Director,http://www.nndb.com/people/463/000032367/,The Best Years of Our Lives,William Wyler
670454373,finalized,3,"Istanbul, Turkey",7-Sep-09,White,Na,Straight,1948,Best Director,http://www.nndb.com/people/537/000026459/,Gentleman's Agreement,Elia Kazan
670454374,golden,82,"Nevada, Mo",5-Aug-06,White,Na,Straight,1949,Best Director,http://www.nndb.com/people/704/000024632/,The Treasure of the Sierra Madre,John Huston
670454375,finalized,3,"Wilkes-Barre, Pa",11-Feb-09,White,Jewish,Straight,1950,Best Director,http://www.nndb.com/people/723/000032627/,A Letter to Three Wives,Joseph L. Mankiewicz
670454376,finalized,3,"Wilkes-Barre, Pa",11-Feb-09,White,Jewish,Straight,1951,Best Director,http://www.nndb.com/people/723/000032627/,All About Eve,Joseph L. Mankiewicz
670454377,finalized,3,"Oakland, Ca",18-Dec-04,White,Na,Straight,1952,Best Director,http://www.nndb.com/people/382/000044250/,A Place in the Sun,George Stevens
670454378,finalized,3,"Cape Elizabeth, Me",1-Feb-1894,White,Roman Catholic,Bisexual,1953,Best Director,http://www.nndb.com/people/458/000032362/,The Quiet Man,John Ford
670454379,finalized,3,"Vienna, Austria",29-Apr-07,White,Jewish,Straight,1954,Best Director,http://www.nndb.com/people/538/000032442/,From Here to Eternity,Fred Zinnemann
670454380,finalized,3,"Istanbul, Turkey",7-Sep-09,White,Na,Straight,1955,Best Director,http://www.nndb.com/people/537/000026459/,On the Waterfront,Elia Kazan
670454381,finalized,3,"Lawrence, Ks",30-Jan-20,White,Presbyterian,Straight,1956,Best Director,http://www.nndb.com/people/384/000044252/,Marty,Delbert Mann
670454382,finalized,3,"Oakland, Ca",18-Dec-04,White,Na,Straight,1957,Best Director,http://www.nndb.com/people/382/000044250/,Giant,George Stevens
670454383,finalized,3,"Croydon, Surrey, England",25-Mar-08,White,Na,Straight,1958,Best Director,http://www.nndb.com/people/462/000032366/,The Bridge on the River Kwai,David Lean
670454384,finalized,3,"Chicago, Il",28-Feb-03,White,Na,Bisexual,1959,Best Director,http://www.nndb.com/people/825/000032729/,Gigi,Vincente Minnelli
670454385,finalized,3,"Mulhouse, Haut-Rhin, Alsace, France",1-Jul-02,White,Na,Straight,1960,Best Director,http://www.nndb.com/people/463/000032367/,Ben-Hur,William Wyler
670454386,golden,87,"Sucha, Galicia, Austria",22-Jun-06,White,Jewish,Straight,1961,Best Director,http://www.nndb.com/people/982/000024910/,The Apartment,Billy Wilder
670454387,finalized,3,"Winchester, In",10-Sep-14,White,Na,Straight,1961,Best Director,http://www.nndb.com/people/460/000032364/,West Side Story,Robert Wise
670454388,finalized,3,"Croydon, Surrey, England",25-Mar-08,White,Na,Straight,1963,Best Director,http://www.nndb.com/people/462/000032366/,Lawrence of Arabia,David Lean
670454389,finalized,3,"Shipley, Yorkshire, England",5-Jun-28,White,Na,Bisexual,1964,Best Director,http://www.nndb.com/people/249/000043120/,Tom Jones,Tony Richardson
670454390,finalized,3,New York City,7-Jul-1899,White,Na,Gay,1965,Best Director,http://www.nndb.com/people/373/000041250/,My Fair Lady,George Cukor
670454391,finalized,3,"Winchester, In",10-Sep-14,White,Na,Straight,1966,Best Director,http://www.nndb.com/people/460/000032364/,The Sound of Music,Robert Wise
670454392,finalized,3,"Vienna, Austria",29-Apr-07,White,Jewish,Straight,1967,Best Director,http://www.nndb.com/people/538/000032442/,A Man for All Seasons,Fred Zinnemann
670454393,finalized,3,"Berlin, Germany",6-Nov-31,White,Jewish,Straight,1968,Best Director,http://www.nndb.com/people/455/000023386/,The Graduate,Mike Nichols
670454394,finalized,3,"St. Louis Park, Mn",29-Nov-54,White,Jewish,Straight,2008,Best Director,http://www.nndb.com/people/399/000025324/,No Country for Old Men,Joel Coen
670454395,finalized,3,"London, England",30-Dec-06,White,Na,Straight,1969,Best Director,http://www.nndb.com/people/290/000064098/,Oliver!,Carol Reed
670454396,finalized,3,"London, England",16-Feb-26,White,Na,Gay,1969,Best Director,http://www.nndb.com/people/771/000032675/,Midnight Cowboy,John Schlesinger
670454397,finalized,3,"Tokyo, Japan",30-May-20,White,Na,Straight,1970,Best Director,http://www.nndb.com/people/509/000032413/,Patton,Franklin J. Schaffner
670454398,finalized,3,"Chicago, Il",29-Aug-35,White,Jewish,Straight,1972,Best Director,http://www.nndb.com/people/112/000024040/,The French Connection,William Friedkin
670454399,finalized,3,"Chicago, Il",23-Jun-27,White,Na,Straight,1973,Best Director,http://www.nndb.com/people/159/000032063/,Cabaret,Bob Fosse
670454400,finalized,3,"Minneapolis, Mn",20-Dec-21,White,Na,Straight,1973,Best Director,http://www.nndb.com/people/783/000032687/,The Sting,George Roy Hill
670454401,finalized,3,"Detroit, Mi",7-Apr-39,White,Na,Straight,1975,Best Director,http://www.nndb.com/people/866/000022800/,The Godfather Part II,Francis Ford Coppola
670454402,finalized,3,"CÃ¡slav, Czechoslovakia",18-Feb-32,White,Na,Straight,1976,Best Director,http://www.nndb.com/people/622/000023553/,One Flew over the Cuckoo's Nest,Milos Forman
670454403,finalized,3,"Oak Park, Il",21-Dec-35,White,Na,Straight,1976,Best Director,http://www.nndb.com/people/679/000032583/,Rocky,John G. Avildsen
670454404,finalized,3,"Brooklyn, Ny",1-Dec-35,White,Jewish,Straight,1978,Best Director,http://www.nndb.com/people/501/000022435/,Annie Hall,Woody Allen
670454405,golden,75,New York City,3-Feb-39,White,Na,Straight,1979,Best Director,http://www.nndb.com/people/810/000043681/,The Deer Hunter,Michael Cimino
670454406,finalized,3,"Waxahachie, Tx",29-Sep-32,White,Na,Straight,1980,Best Director,http://www.nndb.com/people/267/000064075/,Kramer vs. Kramer,Robert Benton
670454407,finalized,3,"Santa Monica, Ca",18-Aug-1936 [1],White,Na,Straight,1980,Best Director,http://www.nndb.com/people/795/000022729/,Ordinary People,Robert Redford
670454408,finalized,3,"Richmond, Va",30-Mar-37,White,Baptist,Straight,1981,Best Director,http://www.nndb.com/people/719/000022653/,Reds,Warren Beatty
670454409,finalized,3,"Cambridge, England",29-Aug-23,White,Na,Straight,1982,Best Director,http://www.nndb.com/people/750/000023681/,Gandhi,Richard Attenborough
670454410,finalized,3,"North Bergen, Nj",9-May-40,White,Na,Straight,1983,Best Director,http://www.nndb.com/people/209/000024137/,Terms of Endearment,James L. Brooks
670454411,finalized,3,"CÃ¡slav, Czechoslovakia",18-Feb-32,White,Na,Straight,1985,Best Director,http://www.nndb.com/people/622/000023553/,Amadeus,Milos Forman
670454412,finalized,3,"Lafayette, In",1-Jul-34,White,Jewish,Straight,1986,Best Director,http://www.nndb.com/people/772/000023703/,Out of Africa,Sydney Pollack
670454413,finalized,3,New York City,15-Sep-46,White,Atheist,Straight,1990,Best Director,http://www.nndb.com/people/545/000022479/,Platoon,Oliver Stone
670454414,finalized,3,"Parma, Emilia-Romagna, Italy",16-Mar-41,White,Na,Straight,1988,Best Director,http://www.nndb.com/people/268/000024196/,The Last Emperor,Bernardo Bertolucci
670454415,finalized,3,"Baltimore, Md",6-Apr-42,White,Jewish,Straight,1989,Best Director,http://www.nndb.com/people/748/000023679/,Rain Man,Barry Levinson
670454416,finalized,3,New York City,15-Sep-46,White,Atheist,Straight,1990,Best Director,http://www.nndb.com/people/545/000022479/,Born on the Fourth of July,Oliver Stone
670454417,finalized,3,"Lynwood, Ca",18-Jan-55,White,Baptist,Straight,1991,Best Director,http://www.nndb.com/people/758/000022692/,Dances with Wolves,Kevin Costner
670454418,finalized,3,"Baldwin, Ny",22-Feb-44,White,Na,Straight,1992,Best Director,http://www.nndb.com/people/578/000024506/,The Silence of the Lambs,Jonathan Demme
670454419,finalized,3,"San Francisco, Ca",31-May-30,White,Na,Straight,1993,Best Director,http://www.nndb.com/people/849/000022783/,Unforgiven,Clint Eastwood
670454420,finalized,3,"Cincinnati, Oh",18-Dec-46,White,Jewish,Straight,1994,Best Director,http://www.nndb.com/people/734/000022668/,Schindler's List,Steven Spielberg
670454421,finalized,3,"Chicago, Il",14-May-52,White,Roman Catholic,Straight,1995,Best Director,http://www.nndb.com/people/224/000025149/,Forrest Gump,Robert Zemeckis
670454422,finalized,3,"Peekskill, Ny",3-Jan-56,White,Roman Catholic,Straight,1996,Best Director,http://www.nndb.com/people/583/000022517/,Braveheart,Mel Gibson
670454423,finalized,3,"Ryde, Isle of Wight, England",6-Jan-54,White,Na,Straight,1997,Best Director,http://www.nndb.com/people/513/000032417/,The English Patient,Anthony Minghella
670454424,finalized,3,"Kapuskasing, Ontario, Canada",16-Aug-54,White,Atheist,Straight,1998,Best Director,http://www.nndb.com/people/385/000025310/,Titanic,James Cameron
670454425,finalized,3,"Cincinnati, Oh",18-Dec-46,White,Jewish,Straight,1999,Best Director,http://www.nndb.com/people/734/000022668/,Saving Private Ryan,Steven Spielberg
670454426,finalized,3,"Reading, Berkshire, England",1-Aug-65,White,Na,Straight,2000,Best Director,http://www.nndb.com/people/059/000025981/,American Beauty,Sam Mendes
670454427,finalized,3,"Atlanta, Ga",14-Jan-63,White,Atheist,Straight,2001,Best Director,http://www.nndb.com/people/907/000025832/,Traffic,Steven Soderbergh
670454428,finalized,3,"Duncan, Ok",1-Mar-54,White,Na,Straight,2002,Best Director,http://www.nndb.com/people/365/000025290/,A Beautiful Mind,Ron Howard
670454429,finalized,3,"Paris, France",18-Aug-33,White,See Note,Straight,2003,Best Director,http://www.nndb.com/people/541/000023472/,The Pianist,Roman Polanski
670454430,finalized,3,"Wellington, New Zealand",31-Oct-61,White,Na,Straight,2004,Best Director,http://www.nndb.com/people/848/000025773/,The Lord of the Rings: Return of the King,Peter Jackson
670454431,finalized,3,"San Francisco, Ca",31-May-30,White,Na,Straight,2005,Best Director,http://www.nndb.com/people/849/000022783/,Million Dollar Baby,Clint Eastwood
670454432,finalized,3,"Pingtung, Taiwan",23-Oct-54,Asian,Na,Straight,2006,Best Director,http://www.nndb.com/people/394/000025319/,Brokeback Mountain,Ang Lee
670454433,finalized,3,"Flushing, Ny",17-Nov-42,White,Roman Catholic,Straight,2007,Best Director,http://www.nndb.com/people/678/000022612/,The Departed,Martin Scorsese
670454434,finalized,3,"St. Louis Park, Mn",21-Sep-57,White,Jewish,Straight,2008,Best Director,http://www.nndb.com/people/400/000025325/,No Country for Old Men,Ethan Coen
670454435,golden,81,"Manchester, England",20-Oct-56,White,Roman Catholic,Straight,2009,Best Director,http://www.nndb.com/people/887/000044755/,Slumdog Millionaire,Danny Boyle
670454436,finalized,3,"San Carlos, Ca",27-Nov-51,White,Na,Straight,2009,Best Director,http://www.nndb.com/people/837/000079600/,The Hurt Locker,Kathryn Bigelow
670454437,finalized,3,"London, England",1972,White,Na,Na,2011,Best Director,http://www.nndb.com/people/093/000268286/,The King's Speech,Tom Hooper
670454438,finalized,3,"Paris, France",29-Mar-67,White,Jewish,Straight,2012,Best Director,http://www.nndb.com/people/302/000281456/,The Artist,Michel Hazanavicius
670454439,finalized,3,"Pingtung, Taiwan",23-Oct-54,Asian,Na,Straight,2013,Best Director,http://www.nndb.com/people/394/000025319/,Life of Pi,Ang Lee
670454440,finalized,3,"Rorschach, Switzerland",23-Jul-1884,White,Na,Bisexual,1929,Best Actor,http://www.nndb.com/people/738/000063549/,The Last Command,Emil Jannings
670454441,finalized,3,"Columbus, Oh",29-Mar-1889,White,Na,Straight,1930,Best Actor,http://www.nndb.com/people/739/000063550/,In Old Arizona,Warner Baxter
670454442,finalized,3,"London, England",10-Apr-1868,White,Na,Straight,1930,Best Actor,http://www.nndb.com/people/740/000063551/,Desraeli,George Arliss
670454443,finalized,3,"Philadelphia, Pa",28-Apr-1878,White,Roman Catholic,Straight,1931,Best Actor,http://www.nndb.com/people/741/000043612/,A Free Soul,Lionel Barrymore
670454444,finalized,3,"Kansas City, Mo",1-Apr-1885,White,Na,Straight,1932,Best Actor,http://www.nndb.com/people/976/000043847/,The Champ,Wallace Beery
670454445,finalized,3,"Victoria Hotel, Scarborough, Yorkshire, England",1-Jul-1899,White,Roman Catholic,Gay,1934,Best Actor,http://www.nndb.com/people/884/000042758/,The Private Life of Henry VIII,Charles Laughton
670454446,finalized,3,"Cadiz, Oh",1-Feb-01,White,Na,Straight,1935,Best Actor,http://www.nndb.com/people/156/000027075/,It Happened One Night,Clark Gable
670454447,finalized,3,"Tunbridge Wells, Kent, England",11-Dec-1883,White,Anglican/episcopalian,Straight,1936,Best Actor,http://www.nndb.com/people/452/000047311/,The Informer,Victor McLaglen
670454448,finalized,3,"Lviv, Ukraine",22-Sep-1895,White,Jewish,Straight,1937,Best Actor,http://www.nndb.com/people/741/000063552/,The Story of Louis Pasteur,Paul Muni
670454449,finalized,3,"Milwaukee, Wi",5-Apr-00,White,Roman Catholic,Straight,1938,Best Actor,http://www.nndb.com/people/979/000024907/,Captains Courageous,Spencer Tracy
670454450,finalized,3,"Milwaukee, Wi",5-Apr-00,White,Roman Catholic,Straight,1939,Best Actor,http://www.nndb.com/people/979/000024907/,Boys Town,Spencer Tracy
670454451,finalized,3,"Withington, Manchester, England",18-Mar-05,White,Na,Straight,1940,Best Actor,http://www.nndb.com/people/742/000063553/,Goodbye Mr. Chips,Robert Donat
670454452,finalized,3,"Indiana, Pa",20-May-08,White,Presbyterian,Straight,1941,Best Actor,http://www.nndb.com/people/659/000026581/,The Philadelphia Story,Jimmy Stewart
670454453,finalized,3,"Helena, Mt",7-May-01,White,Roman Catholic,Straight,1942,Best Actor,http://www.nndb.com/people/740/000031647/,Sergeant York,Gary Cooper
670454454,finalized,3,"Manhattan, Ny",17-Jul-1899,White,Roman Catholic,Straight,1943,Best Actor,http://www.nndb.com/people/798/000024726/,Yankee Doodle Dandy,James Cagney
670454455,finalized,3,"Budapest, Hungary",26-May-1887,White,Na,Straight,1944,Best Actor,http://www.nndb.com/people/713/000042587/,Watch on the Rhine,Paul Lukas
670454456,finalized,3,"Tacoma, Wa",3-May-03,White,Roman Catholic,Straight,1945,Best Actor,http://www.nndb.com/people/651/000026573/,Going My Way,Bing Crosby
670454457,finalized,3,"Neath, Wales",3-Jan-07,White,Na,Straight,1946,Best Actor,http://www.nndb.com/people/814/000042688/,The Lost Weekend,Ray Milland
670454458,finalized,3,"Racine, Wi",31-Aug-1897,White,Na,Straight,1947,Best Actor,http://www.nndb.com/people/255/000043126/,The Best Years of Our Lives,Fredric March
670454459,finalized,3,"Richmond, Surrey, England",9-Feb-1891,White,Na,Straight,1948,Best Actor,http://www.nndb.com/people/619/000042493/,A Double Life,Ronald Colman
670454460,finalized,3,"Dorking, Surrey, England",22-May-07,White,Na,Bisexual,1949,Best Actor,http://www.nndb.com/people/607/000022541/,Hamlet,Laurence Olivier
670454461,finalized,3,"Philadelphia, Pa",9-Dec-11,White,Na,Straight,1950,Best Actor,http://www.nndb.com/people/744/000063555/,All The King's Men,Broderick Crawford
670454462,finalized,3,"Santurce, Puerto Rico",8-Jan-09,Hispanic,Na,Straight,1951,Best Actor,http://www.nndb.com/people/311/000026233/,Cyrano de Bergerac,Jose Ferrer
670454463,finalized,3,New York City,25-Dec-1899,White,Na,Straight,1952,Best Actor,http://www.nndb.com/people/837/000024765/,The Africa Queen,Humphrey Bogart
670454464,golden,95,"Helena, Mt",7-May-01,White,Roman Catholic,Straight,1953,Best Actor,http://www.nndb.com/people/740/000031647/,High Noon,Gary Cooper
670454465,finalized,3,"O'fallon, Il",17-Apr-18,White,Na,Straight,1954,Best Actor,http://www.nndb.com/people/210/000022144/,Stalag 17,William Holden
670454466,finalized,3,"Omaha, Ne",3-Apr-24,White,Deist,Bisexual,1955,Best Actor,http://www.nndb.com/people/721/000022655/,On the Waterfront,Marlon Brando
670454467,finalized,3,"Hamden, Ct",24-Jan-17,White,Na,Straight,1956,Best Actor,http://www.nndb.com/people/730/000022664/,Marty,Ernest Borgnine
670454468,finalized,3,"Vladivostok, Russia",11-Jul-20,White,Na,Straight,1957,Best Actor,http://www.nndb.com/people/459/000026381/,The King and I,Yul Brynner
670454469,finalized,3,"London, England",2-Apr-14,White,Roman Catholic,Bisexual,1958,Best Actor,http://www.nndb.com/people/751/000023682/,The Bridge on the River Kwai,Alec Guinness
670454470,finalized,3,"London, England",1-Mar-09,White,Na,Straight,1959,Best Actor,http://www.nndb.com/people/690/000031597/,Separate Tables,David Niven
670454471,finalized,3,"Evanston, Il",4-Oct-23,White,Protestant,Straight,1960,Best Actor,http://www.nndb.com/people/961/000022895/,Ben-hur,Charlton Heston
670454472,finalized,3,New York City,2-Nov-13,White,Protestant,Straight,1961,Best Actor,http://www.nndb.com/people/938/000031845/,Elmer Gantry,Burt Lancaster
670454473,finalized,3,"Vienna, Austria",8-Dec-30,White,Na,Straight,1962,Best Actor,http://www.nndb.com/people/351/000023282/,Judgement at Nuremberg,Maximilian Schell
670454474,finalized,3,"La Jolla, Ca",5-Apr-16,White,Roman Catholic,Straight,1963,Best Actor,http://www.nndb.com/people/774/000023705/,To Kill a Mockingbird,Gregory Peck
670454475,finalized,3,"Miami, Fl",20-Feb-27,Black,Deist,Straight,1964,Best Actor,http://www.nndb.com/people/200/000023131/,Lilies of the Field,Sidney Poitier
670454476,finalized,3,"Huyton, Lancashire, England",5-Mar-08,White,Na,Straight,1965,Best Actor,http://www.nndb.com/people/132/000043003/,My Fair Lady,Rex Harrison
670454477,finalized,3,New York City,19-Feb-24,White,Na,Straight,1966,Best Actor,http://www.nndb.com/people/314/000026236/,Cat Ballou,Lee Marvin
670454478,finalized,3,"Hurstpierpoint, West Sussex, England",21-Jan-22,White,Na,Straight,1967,Best Actor,http://www.nndb.com/people/950/000033851/,A Man For All Seasons,Paul Scofield
670454479,finalized,3,"Westhampton, Ny",14-Apr-25,White,Lutheran,Straight,1968,Best Actor,http://www.nndb.com/people/762/000026684/,In the Heat of the Night,Rod Steiger
670454480,finalized,3,"La Jolla, Ca",9-Sep-23,White,Na,Straight,1969,Best Actor,http://www.nndb.com/people/134/000023065/,Charly,Cliff Robertson
670454481,finalized,3,"Winterset, Ia",26-May-07,White,Roman Catholic,Straight,1970,Best Actor,http://www.nndb.com/people/605/000023536/,True Grit,John Wayne
670454482,finalized,3,"Wise, Va",18-Oct-27,White,Na,Straight,1971,Best Actor,http://www.nndb.com/people/025/000022956/,Patton,George C. Scott
670454483,finalized,3,"San Bernardino, Ca",30-Jan-30,White,Na,Straight,1972,Best Actor,http://www.nndb.com/people/878/000022812/,The French Connection,Gene Hackman
670454484,finalized,3,"Omaha, Ne",3-Apr-24,White,Deist,Bisexual,1973,Best Actor,http://www.nndb.com/people/721/000022655/,The Godfather,Marlon Brando
670454485,finalized,3,"Newton, Ma",8-Feb-25,White,Roman Catholic,Straight,1974,Best Actor,http://www.nndb.com/people/714/000026636/,Save the Tiger,Jack Lemmon
670454486,finalized,3,"Mount Vernon, Ny",4-Nov-18,White,Na,Straight,1975,Best Actor,http://www.nndb.com/people/182/000025107/,Harry and Tonto,Art Carney
670454487,finalized,3,New York City,22-Apr-37,White,Atheist,Straight,1976,Best Actor,http://www.nndb.com/people/722/000022656/,One Flew Over the Cuckoo's Nest,Jack Nicholson
670454488,finalized,3,"South Kensington, London, England",28-Sep-16,White,Na,Straight,1977,Best Actor,http://www.nndb.com/people/745/000063556/,Network,Peter Finch
670454489,finalized,3,"Brooklyn, Ny",29-Oct-47,White,Jewish,Straight,1978,Best Actor,http://www.nndb.com/people/814/000022748/,The Goodbye Girl,Richard Dreyfuss
670454490,finalized,3,"Yonkers, Ny",29-Dec-38,White,Roman Catholic,Straight,1979,Best Actor,http://www.nndb.com/people/060/000023988/,Coming Home,Jon Voight
670454491,finalized,3,"Los Angeles, Ca",8-Aug-37,White,Jewish,Straight,1980,Best Actor,http://www.nndb.com/people/882/000022816/,Kramer vs. Kramer,Dustin Hoffman
670454492,finalized,3,New York City,17-Aug-43,White,Roman Catholic,Straight,1981,Best Actor,http://www.nndb.com/people/765/000023696/,Raging Bull,Robert De Niro
670454493,finalized,3,"Grand Island, Ne",16-May-05,White,Na,Straight,1982,Best Actor,http://www.nndb.com/people/496/000026418/,On Golden Pond,Henry Fonda
670454494,finalized,3,"Scarborough, Yorkshire, England",31-Dec-43,Multiracial,Quaker,Straight,1983,Best Actor,http://www.nndb.com/people/519/000024447/,Gandhi,Ben Kingsley
670454495,finalized,3,"San Diego, Ca",5-Jan-31,White,Na,Straight,1984,Best Actor,http://www.nndb.com/people/008/000022939/,Tender Mercies,Robert Duvall
670454496,finalized,3,"Pittsburgh, Pa",24-Oct-39,Middle Eastern,Na,Straight,1985,Best Actor,http://www.nndb.com/people/123/000024051/,Amadeus,F. Murray Abraham
670454497,finalized,3,"Washington, Dc",20-Mar-50,White,Lutheran,Straight,1986,Best Actor,http://www.nndb.com/people/683/000023614/,Kiss of the Spider Woman,William Hurt
670454498,finalized,3,"Shaker Heights, Oh",26-Jan-25,White,Jewish,Straight,1987,Best Actor,http://www.nndb.com/people/804/000022738/,The Color of Money,Paul Newman
670454499,finalized,3,"New Brunswick, Nj",25-Sep-44,White,Jewish,Straight,1988,Best Actor,http://www.nndb.com/people/614/000024542/,Wall Street,Michael Douglas
670454500,finalized,3,"Los Angeles, Ca",8-Aug-37,White,Jewish,Straight,1989,Best Actor,http://www.nndb.com/people/882/000022816/,Rainman,Dustin Hoffman
670454501,finalized,3,"London, England",29-Apr-57,White,Na,Straight,1990,Best Actor,http://www.nndb.com/people/788/000022722/,My Left Foot,Daniel Day-Lewis
670454502,finalized,3,"Cowes, Isle of Wight, England",19-Sep-48,White,Na,Straight,1991,Best Actor,http://www.nndb.com/people/594/000023525/,Reversal of Fortune,Jeremy Irons
670454503,finalized,3,"Port Talbot, Wales",31-Dec-37,White,Na,Straight,1992,Best Actor,http://www.nndb.com/people/005/000023933/,Silence of the Lambs,Anthony Hopkins
670454504,finalized,3,"East Harlem, New York City",25-Apr-40,White,Roman Catholic,Straight,1993,Best Actor,http://www.nndb.com/people/880/000022814/,Scent of a Woman,Al Pacino
670454505,golden,84,"Concord, Ca",9-Jul-56,White,Born-Again Christian,Straight,1994,Best Actor,http://www.nndb.com/people/687/000022621/,Philadelphia,Tom Hanks
670454506,finalized,3,"Concord, Ca",9-Jul-56,White,Born-Again Christian,Straight,1995,Best Actor,http://www.nndb.com/people/687/000022621/,Forrest Gump,Tom Hanks
670454507,finalized,3,"Long Beach, Ca",7-Jan-64,White,Roman Catholic,Straight,1996,Best Actor,http://www.nndb.com/people/751/000022685/,Leaving Las Vegas,Nicolas Cage
670454508,finalized,3,"Toowoomba, Queensland, Australia",6-Jul-51,White,Na,Straight,1997,Best Actor,http://www.nndb.com/people/126/000025051/,Shine,Geoffrey Rush
670454509,finalized,3,New York City,22-Apr-37,White,Atheist,Straight,1997,Best Actor,http://www.nndb.com/people/722/000022656/,As Good as It Gets,Jack Nicholson
670454510,finalized,3,"Misericordia, Arezzo, Tuscany, Italy",27-Oct-52,White,Na,Straight,1999,Best Actor,http://www.nndb.com/people/259/000025184/,Life is Beautiful,Roberto Benigni
670454511,finalized,3,"South Orange, Nj",26-Jul-59,White,Na,Matter of Dispute,2000,Best Actor,http://www.nndb.com/people/591/000023522/,American Beauty,Kevin Spacey
670454512,finalized,3,"Wellington, New Zealand",7-Apr-64,White,Na,Straight,2001,Best Actor,http://www.nndb.com/people/782/000022716/,Gladiator,Russell Crowe
670454513,finalized,3,"Mount Vernon, Ny",28-Dec-54,Black,Protestant,Straight,2002,Best Actor,http://www.nndb.com/people/665/000023596/,Training Day,Denzel Washington
670454514,finalized,3,New York City,14-Apr-73,White,Jewish,Straight,2003,Best Actor,http://www.nndb.com/people/112/000026034/,The Pianist,Adrien Brody
670454515,finalized,3,"Burbank, Ca",17-Aug-60,White,Roman Catholic,Straight,2003,Best Actor,http://www.nndb.com/people/331/000025256/,Mystic River,Sean Penn
670454516,finalized,3,"Terrell, Tx",13-Dec-67,Black,Baptist,Straight,2005,Best Actor,http://www.nndb.com/people/113/000026035/,Ray,Jamie Foxx
670454517,finalized,3,"Fairport, Ny",23-Jul-67,White,Na,Straight,2006,Best Actor,http://www.nndb.com/people/409/000027328/,Capote,Philip Seymour Hoffman
670454518,finalized,3,"Longview, Tx",15-Jul-61,Black,Na,Straight,2007,Best Actor,http://www.nndb.com/people/833/000025758/,The Last King of Scotland,Forest Whitaker
670454519,finalized,3,"London, England",29-Apr-57,White,Na,Straight,2008,Best Actor,http://www.nndb.com/people/788/000022722/,There Will Be Blood,Daniel Day-Lewis
670454520,finalized,3,"Burbank, Ca",17-Aug-60,White,Roman Catholic,Straight,2009,Best Actor,http://www.nndb.com/people/331/000025256/,Milk,Sean Penn
670454521,finalized,3,"Los Angeles, Ca",4-Dec-49,White,Lutheran,Straight,2010,Best Actor,http://www.nndb.com/people/779/000022713/,Crazy Heart,Jeff Bridges
670454522,finalized,3,"Grayshott, Hampshire, England",10-Sep-60,White,Na,Straight,2011,Best Actor,http://www.nndb.com/people/813/000043684/,The King's Speech,Colin Firth
670454523,finalized,3,"Rueil-Malmaison, Hauts-De-Seine, France",19-Jun-72,White,Na,Straight,2012,Best Actor,http://www.nndb.com/people/303/000281457/,The Artist,Jean Dujardin
670454524,finalized,3,"London, England",29-Apr-57,White,Na,Straight,2013,Best Actor,http://www.nndb.com/people/788/000022722/,Lincoln,Daniel Day-Lewis
670454525,finalized,3,"Uvalde, Tx",4-Nov-69,White,Na,Straight,2014,Best Actor,http://www.nndb.com/people/583/000023514/,Dallas Buyers Club,Matthew McConaughey
670454526,finalized,3,"Swampscott, Ma",25-Jul-1894,White,Na,Straight,1938,Best Supporting Actor,http://www.nndb.com/people/347/000032251/,Come and Get It,Walter Brennan
670454527,finalized,3,"Vienna, Austria",22-Mar-1896,White,Na,Straight,1938,Best Supporting Actor,http://www.nndb.com/people/115/000063923/,The Life of Emile Zola,Joseph Schildkraut
670454528,finalized,3,"Swampscott, Ma",25-Jul-1894,White,Na,Straight,1939,Best Supporting Actor,http://www.nndb.com/people/347/000032251/,Kentucky,Walter Brennan
670454529,finalized,3,"Elizabeth, Nj",11-Jul-1892,White,Na,Straight,1940,Best Supporting Actor,http://www.nndb.com/people/116/000063924/,Stagecoach,Thomas Mitchell
670454530,finalized,3,"Swampscott, Ma",25-Jul-1894,White,Na,Straight,1941,Best Supporting Actor,http://www.nndb.com/people/347/000032251/,The Westerner,Walter Brennan
670454531,finalized,3,"London, England",27-Jul-1880,White,Na,Straight,1942,Best Supporting Actor,http://www.nndb.com/people/689/000031596/,How Green Was My Valley,Donald Crisp
670454532,golden,90,"Walters, Ok",13-Dec-10,White,Na,Straight,1943,Best Supporting Actor,http://www.nndb.com/people/680/000042554/,Johnny Eager,Van Heflin
670454533,finalized,3,"Savannah, Ga",17-Jun-1877,White,Na,Straight,1944,Best Supporting Actor,http://www.nndb.com/people/127/000063935/,The More the Merrier,Charles Coburn
670454534,finalized,3,"Dublin, Ireland",10-Mar-1888,White,Protestant,Na,1945,Best Supporting Actor,http://www.nndb.com/people/126/000063934/,Going My Way,Barry Fitzgerald
670454535,finalized,3,New York City,2-Nov-01,White,Na,Straight,1946,Best Supporting Actor,http://www.nndb.com/people/125/000063933/,A Tree Grows in Brooklyn,James Dunn
670454536,finalized,3,"North Sydney, Nova Scotia, Canada",14-Jan-14,White,Na,Straight,1947,Best Supporting Actor,http://www.nndb.com/people/124/000063932/,The Best Years of Our Lives,Harold Russell
670454537,finalized,3,"Vale of Glamorgan, Wales",26-Sep-1875,White,Na,Na,1948,Best Supporting Actor,http://www.nndb.com/people/123/000063931/,Miracle on 34th Street,Edmund Gwenn
670454538,finalized,3,"Toronto, Ontario, Canada",6-Apr-1884,White,Na,Straight,1949,Best Supporting Actor,http://www.nndb.com/people/122/000063930/,The Treasure of the Sierra Madre,Walter Huston
670454539,finalized,3,"Lima, Oh",7-Nov-03,White,Na,Straight,1950,Best Supporting Actor,http://www.nndb.com/people/121/000063929/,Twelve O'Clock High,Dean Jagger
670454540,finalized,3,"St. Petersburg, Russia",3-Jul-06,White,Na,Straight,1951,Best Supporting Actor,http://www.nndb.com/people/728/000043599/,All About Eve,George Sanders
670454541,finalized,3,"Chicago, Il",22-Mar-12,White,Na,Straight,1952,Best Supporting Actor,http://www.nndb.com/people/553/000022487/,A Streetcar Named Desire,Karl Malden
670454542,finalized,3,"Chihuahua, Mexico",21-Apr-15,Hispanic,Na,Straight,1953,Best Supporting Actor,http://www.nndb.com/people/228/000032132/,Viva Zapata!,Anthony Quinn
670454543,finalized,3,"Hoboken, Nj",12-Dec-15,White,Na,Straight,1954,Best Supporting Actor,http://www.nndb.com/people/300/000026222/,From Here to Eternity,Frank Sinatra
670454544,finalized,3,New York City,10-Sep-15,White,Roman Catholic,Straight,1955,Best Supporting Actor,http://www.nndb.com/people/620/000042494/,The Barefoot Contessa,Edmond O'Brien
670454545,finalized,3,"Newton, Ma",8-Feb-25,White,Roman Catholic,Straight,1956,Best Supporting Actor,http://www.nndb.com/people/714/000026636/,Mister Roberts,Jack Lemmon
670454546,finalized,3,"Chihuahua, Mexico",21-Apr-15,Hispanic,Na,Straight,1957,Best Supporting Actor,http://www.nndb.com/people/228/000032132/,Lust for Life,Anthony Quinn
670454547,finalized,3,New York City,5-Feb-19,White,Jewish,Straight,1958,Best Supporting Actor,http://www.nndb.com/people/820/000022754/,Sayonara,Red Buttons
670454548,finalized,3,"Hunt City, Il",14-Jun-09,White,Na,Straight,1959,Best Supporting Actor,http://www.nndb.com/people/679/000042553/,The Big Country,Burl Ives
670454549,finalized,3,"Marian Glas, Anglesey, Wales",30-May-12,White,Na,Na,1960,Best Supporting Actor,http://www.nndb.com/people/120/000063928/,Ben-Hur,Hugh Griffith
670454550,finalized,3,"London, England",16-Apr-21,White,Na,Straight,1961,Best Supporting Actor,http://www.nndb.com/people/810/000022744/,Spartacus,Peter Ustinov
670454551,finalized,3,"Norwood, Oh",16-Sep-34,White,Na,Gay,1962,Best Supporting Actor,http://www.nndb.com/people/119/000063927/,West Side Story,George Chakiris
670454552,finalized,3,"Hartford, Ct",25-Mar-01,White,Na,Straight,1963,Best Supporting Actor,http://www.nndb.com/people/915/000043786/,Sweet Bird of Youth,"Ed Begley, Sr."
670454553,finalized,3,"Macon, Ga",5-Apr-01,White,Jewish,Straight,1964,Best Supporting Actor,http://www.nndb.com/people/100/000063908/,Hud,Melvyn Douglas
670454554,finalized,3,"London, England",16-Apr-21,White,Na,Straight,1965,Best Supporting Actor,http://www.nndb.com/people/810/000022744/,Topkapi,Peter Ustinov
670454555,finalized,3,"Bronx, Ny",4-Nov-19,White,Na,Straight,1966,Best Supporting Actor,http://www.nndb.com/people/111/000063919/,A Thousand Clowns,Martin Balsam
670454556,finalized,3,New York City,1-Oct-20,White,Jewish,Straight,1967,Best Supporting Actor,http://www.nndb.com/people/768/000023699/,The Fortune Cookie,Walter Matthau
670454557,finalized,3,New York City,18-Feb-25,White,Na,Straight,1968,Best Supporting Actor,http://www.nndb.com/people/001/000022932/,Cool Hand Luke,George Kennedy
670454558,golden,84,"Malden, Ma",16-Jun-07,White,Na,Na,1969,Best Supporting Actor,http://www.nndb.com/people/559/000049412/,The Subject Was Roses,Jack Albertson
670454559,finalized,3,"St. Cloud, Mn",4-Nov-13,White,Na,Straight,1970,Best Supporting Actor,http://www.nndb.com/people/110/000063918/,"They Shoot Horses, Don't They?",Gig Young
670454560,finalized,3,"Felixstowe, Suffolk, England",22-Feb-08,White,Na,Straight,1971,Best Supporting Actor,http://www.nndb.com/people/701/000030611/,Ryan's Daughter,John Mills
670454561,finalized,3,"Shidler, Ok",13-Jun-18,White,Na,Straight,1972,Best Supporting Actor,http://www.nndb.com/people/425/000064233/,The Last Picture Show,Ben Johnson
670454562,finalized,3,"Cleveland, Oh",11-Apr-32,White,Jewish,Gay,1973,Best Supporting Actor,http://www.nndb.com/people/853/000048709/,Cabaret,Joel Grey
670454563,finalized,3,"Bucharest, Romania",22-Sep-02,White,Na,Straight,1974,Best Supporting Actor,http://www.nndb.com/people/686/000042560/,The Paper Chase,John Houseman
670454564,finalized,3,New York City,17-Aug-43,White,Roman Catholic,Straight,1975,Best Supporting Actor,http://www.nndb.com/people/765/000023696/,The Godfather Part II,Robert De Niro
670454565,finalized,3,New York City,20-Jan-1896,White,Jewish,Straight,1976,Best Supporting Actor,http://www.nndb.com/people/895/000022829/,The Sunshine Boys,George Burns
670454566,golden,91,"Chicago, Il",26-Jul-22,White,Na,Straight,1977,Best Supporting Actor,http://www.nndb.com/people/224/000032128/,All the President's Men,Jason Robards
670454567,finalized,3,"Chicago, Il",26-Jul-22,White,Na,Straight,1978,Best Supporting Actor,http://www.nndb.com/people/224/000032128/,Julia,Jason Robards
670454568,finalized,3,"Astoria, Ny",31-Mar-43,White,Na,Straight,1979,Best Supporting Actor,http://www.nndb.com/people/618/000022552/,The Deer Hunter,Christopher Walken
670454569,finalized,3,"Macon, Ga",5-Apr-01,White,Jewish,Straight,1980,Best Supporting Actor,http://www.nndb.com/people/100/000063908/,Being There,Melvyn Douglas
670454570,finalized,3,"Malibu, Ca",16-Aug-60,White,Na,Straight,1981,Best Supporting Actor,http://www.nndb.com/people/378/000024306/,Oridnary People,Timothy Hutton
670454571,finalized,3,"London, England",14-Apr-04,White,Na,Gay,1982,Best Supporting Actor,http://www.nndb.com/people/589/000033490/,Arthur,John Gielgud
670454572,finalized,3,"Brooklyn, Ny",27-May-36,Black,Na,Straight,1983,Best Supporting Actor,http://www.nndb.com/people/906/000023837/,An Officer and a Gentleman,"Lou Gossett, Jr."
670454573,finalized,3,New York City,22-Apr-37,White,Atheist,Straight,1984,Best Supporting Actor,http://www.nndb.com/people/722/000022656/,Terms of Endearment,Jack Nicholson
670454574,finalized,3,"Samrong Young, Cambodia",22-Mar-40,Asian,Buddhist,Straight,1985,Best Supporting Actor,http://www.nndb.com/people/093/000063901/,The Killing Fields,Haing S. Ngor
670454575,finalized,3,"Kenosha, Wi",31-May-04,White,Roman Catholic,Straight,1986,Best Supporting Actor,http://www.nndb.com/people/736/000024664/,Cocoon,Don Ameche
670454576,finalized,3,"Bermondsey, England",14-Mar-33,White,Na,Straight,1987,Best Supporting Actor,http://www.nndb.com/people/754/000022688/,Hannah and Her Sisters,Michael Caine
670454577,finalized,3,"Edinburgh, Scotland",25-Aug-30,White,Roman Catholic,Straight,1988,Best Supporting Actor,http://www.nndb.com/people/881/000022815/,The Untouchables,Sean Connery
670454578,finalized,3,"St. Louis, Mo",24-Oct-47,White,Roman Catholic,Straight,1989,Best Supporting Actor,http://www.nndb.com/people/819/000024747/,A Fish Called Wanda,Kevin Kline
670454579,finalized,3,"Mount Vernon, Ny",28-Dec-54,Black,Protestant,Straight,1990,Best Supporting Actor,http://www.nndb.com/people/665/000023596/,Glory,Denzel Washington
670454580,finalized,3,"Newark, Nj",9-Feb-43,White,Na,Straight,1991,Best Supporting Actor,http://www.nndb.com/people/582/000022516/,Good Fellas,Joe Pesci
670454581,finalized,3,"Lattimer Mines, Pa",18-Feb-19,White,Na,Straight,1992,Best Supporting Actor,http://www.nndb.com/people/579/000022513/,City Slickers,Jack Palance
670454582,finalized,3,"San Bernardino, Ca",30-Jan-30,White,Na,Straight,1993,Best Supporting Actor,http://www.nndb.com/people/878/000022812/,Unforgiven,Gene Hackman
670454583,finalized,3,"San Saba, Tx",15-Sep-46,White,Na,Straight,1994,Best Supporting Actor,http://www.nndb.com/people/530/000022464/,The Fugitive,Tommy Lee Jones
670454584,finalized,3,"Brooklyn, Ny",20-Jun-31,White,Jewish,Straight,1995,Best Supporting Actor,http://www.nndb.com/people/431/000023362/,Ed Wood,Martin Landau
670454585,finalized,3,"South Orange, Nj",26-Jul-59,White,Na,Matter of Dispute,1996,Best Supporting Actor,http://www.nndb.com/people/591/000023522/,The Usual Suspects,Kevin Spacey
670454586,finalized,3,"Bronx, Ny",2-Jan-68,Black,Na,Straight,1997,Best Supporting Actor,http://www.nndb.com/people/587/000023518/,Jerry Maguire,"Cuba Gooding, Jr."
670454587,finalized,3,"Chicago, Il",21-Jul-51,White,Anglican/episcopalian,Straight,1998,Best Supporting Actor,http://www.nndb.com/people/606/000022540/,Good Will Hunting,Robin Williams
670454588,golden,62,"Laurel, Ne",31-Aug-28,White,Na,Straight,1999,Best Supporting Actor,http://www.nndb.com/people/764/000022698/,Affliction,James Coburn
670454589,finalized,3,"Bermondsey, England",14-Mar-33,White,Na,Straight,2000,Best Supporting Actor,http://www.nndb.com/people/754/000022688/,The Cider House Rules,Michael Caine
670454590,finalized,3,"Santurce, Puerto Rico",19-Feb-67,Hispanic,Na,Straight,2001,Best Supporting Actor,http://www.nndb.com/people/087/000026009/,Traffic,Benicio Del Toro
670454591,finalized,3,"Lincoln, Lincolnshire, England",24-May-49,White,Na,Straight,2002,Best Supporting Actor,http://www.nndb.com/people/092/000063900/,Iris,Jim Broadbent
670454592,finalized,3,"Kansas City, Mo",9-Jul-51,White,Na,Straight,2003,Best Supporting Actor,http://www.nndb.com/people/130/000025055/,Adaptation,Chris Cooper
670454593,finalized,3,"West Covina, Ca",16-Oct-58,White,Roman Catholic,Straight,2004,Best Supporting Actor,http://www.nndb.com/people/614/000025539/,Mystic River,Tim Robbins
670454594,finalized,3,"Memphis, Tn",1-Jun-37,Black,Na,Straight,2005,Best Supporting Actor,http://www.nndb.com/people/982/000023913/,Million Dollar Baby,Morgan Freeman
670454595,finalized,3,"Lexington, Ky",6-May-61,White,Na,Straight,2006,Best Supporting Actor,http://www.nndb.com/people/763/000022697/,Syriana,George Clooney
670454596,finalized,3,"Brooklyn, Ny",26-Mar-34,White,Jewish,Straight,2007,Best Supporting Actor,http://www.nndb.com/people/777/000022711/,Little Miss Sunshine,Alan Arkin
670454597,finalized,3,"Las Palmas De Gran Canaria, Canary Islands",1-Mar-69,Hispanic,Na,Straight,2008,Best Supporting Actor,http://www.nndb.com/people/733/000109406/,No Country for Old Men,Javier Bardem
670454598,finalized,3,"Perth, Australia",4-Apr-79,White,Na,Straight,2009,Best Supporting Actor,http://www.nndb.com/people/204/000029117/,The Dark Knight,Heath Ledger
670454599,finalized,3,Na,4-Oct-56,White,Na,Straight,2010,Best Supporting Actor,http://www.nndb.com/people/455/000213813/,Inglourious Basterds,Christoph Waltz
670454600,finalized,3,"Haverfordwest, Pembrokeshire, Wales",30-Jan-74,White,Na,Straight,2011,Best Supporting Actor,http://www.nndb.com/people/877/000031784/,The Fighter,Christian Bale
670454601,finalized,3,"Toronto, Ontario, Canada",13-Dec-29,White,Na,Straight,2012,Best Supporting Actor,http://www.nndb.com/people/316/000023247/,Beginning,Christopher Plummer
670454602,finalized,3,Na,4-Oct-56,White,Na,Straight,2013,Best Supporting Actor,http://www.nndb.com/people/455/000213813/,Django Unchained,Christoph Waltz
670454603,finalized,3,"Bossier City, La",26-Dec-71,White,Na,Straight,2014,Best Supporting Actor,http://www.nndb.com/people/438/000026360/,Dallas Buyers Club,Jared Leto
670454604,finalized,3,"Philadelphia, Pa",6-Oct-06,White,Na,Straight,1929,Best Actress,http://www.nndb.com/people/129/000043000/,7th Heaven,Janet Gaynor
670454605,finalized,3,"Toronto, Ontario, Canada",8-Apr-1892,White,Na,Straight,1930,Best Actress,http://www.nndb.com/people/683/000042557/,Coquette,Mary Pickford
670454606,finalized,3,"Montreal, Quebec, Canada",10-Aug-02,White,Na,Straight,1930,Best Actress,http://www.nndb.com/people/813/000063624/,The Divorcee,Norma Shearer
670454607,finalized,3,"Cobourg, Ontario, Canada",2-Nov-1868,White,Na,Straight,1931,Best Actress,http://www.nndb.com/people/814/000063625/,Min and Bill,Marie Dressler
670454608,finalized,3,"Washington, Dc",10-Oct-00,White,Na,Straight,1932,Best Actress,http://www.nndb.com/people/908/000031815/,The Sin of Madelon Claudet,Helen Hayes
670454609,finalized,3,"Hartford, Ct",12-May-07,White,Atheist,Bisexual,1934,Best Actress,http://www.nndb.com/people/775/000023706/,Morning Glory,Katharine Hepburn
670454610,finalized,3,"Paris, France",13-Sep-03,White,Na,Straight,1935,Best Actress,http://www.nndb.com/people/935/000043806/,It Happened One Night,Claudette Colbert
670454611,finalized,3,"Lowell, Ma",5-Apr-08,White,Na,Straight,1936,Best Actress,http://www.nndb.com/people/457/000026379/,Dangerous,Bette Davis
670454612,finalized,3,"Dusseldorf, Germany",12-Jan-10,White,Jewish,Straight,1937,Best Actress,http://www.nndb.com/people/796/000030706/,The Great Ziegfeld,Luise Rainer
670454613,finalized,3,"Dusseldorf, Germany",12-Jan-10,White,Jewish,Straight,1938,Best Actress,http://www.nndb.com/people/796/000030706/,The Good Earth,Luise Rainer
670454614,finalized,3,"Lowell, Ma",5-Apr-08,White,Na,Straight,1939,Best Actress,http://www.nndb.com/people/457/000026379/,Jezebel,Bette Davis
670454615,finalized,3,"Darjeeling, India",5-Nov-13,White,Roman Catholic,Straight,1940,Best Actress,http://www.nndb.com/people/470/000022404/,Gone with the Wind,Vivien Leigh
670454616,golden,76,"Independence, Mo",16-Jul-11,White,Christian Science,Straight,1941,Best Actress,http://www.nndb.com/people/635/000043506/,Kitty Foyle,Ginger Rogers
670454617,finalized,3,"Tokyo, Japan",22-Oct-17,White,Na,Straight,1940,Best Actress,http://www.nndb.com/people/487/000026409/,Suspicion,Joan Fontaine
670454618,finalized,3,"London, England",29-Sep-04,White,Na,Straight,1942,Best Actress,http://www.nndb.com/people/293/000044161/,Mrs. Miniver,Greer Garson
670454619,finalized,3,"Tulsa, Ok",2-Mar-19,White,Roman Catholic,Straight,1944,Best Actress,http://www.nndb.com/people/809/000063620/,The Song of Bernadette,Jennifer Jones
670454620,finalized,3,"Stockholm, Sweden",29-Aug-15,White,Na,Straight,1945,Best Actress,http://www.nndb.com/people/836/000024764/,Gaslight,Ingrid Bergman
670454621,finalized,3,"San Antonio, Tx",23-Mar-05,White,Christian Science,Bisexual,1946,Best Actress,http://www.nndb.com/people/837/000031744/,Mildred Pierce,Joan Crawford
670454622,finalized,3,"Tokyo, Japan",1-Jul-16,White,Na,Straight,1947,Best Actress,http://www.nndb.com/people/741/000022675/,To Each His Own,Olivia de Havilland
670454623,finalized,3,"Salt Lake City, Ut",6-Jan-13,White,Roman Catholic,Straight,1948,Best Actress,http://www.nndb.com/people/089/000031993/,The Farmer's Daughter,Loretta Young
670454624,finalized,3,"St. Joseph, Mo",5-Jan-17,White,Roman Catholic,Straight,1949,Best Actress,http://www.nndb.com/people/656/000022590/,Johnny Belinda,Jane Wyman
670454625,finalized,3,"Tokyo, Japan",1-Jul-16,White,Na,Straight,1950,Best Actress,http://www.nndb.com/people/741/000022675/,The Heiress,Olivia de Havilland
670454626,finalized,3,New York City,21-Jun-21,White,Na,Straight,1951,Best Actress,http://www.nndb.com/people/808/000063619/,Born Yesterday,Judy Holliday
670454627,finalized,3,"Darjeeling, India",5-Nov-13,White,Roman Catholic,Straight,1952,Best Actress,http://www.nndb.com/people/470/000022404/,A Streetcar Named Desire,Vivien Leigh
670454628,finalized,3,New York City,30-Aug-1898,White,Na,Straight,1953,Best Actress,http://www.nndb.com/people/807/000063618/,"Come Back, Little Sheba",Shirley Booth
670454629,finalized,3,"Brussels, Belgium",4-May-29,White,Christian Science,Straight,1954,Best Actress,http://www.nndb.com/people/933/000026855/,Roman Holiday,Audrey Hepburn
670454630,finalized,3,"Philadelphia, Pa",12-Nov-29,White,Roman Catholic,Straight,1955,Best Actress,http://www.nndb.com/people/770/000025695/,The Country Girl,Grace Kelly
670454631,finalized,3,"Rome, Italy",7-Mar-08,White,Na,Straight,1956,Best Actress,http://www.nndb.com/people/806/000063617/,The Rose Tattoo,Anna Magnani
670454632,finalized,3,"Stockholm, Sweden",29-Aug-15,White,Na,Straight,1957,Best Actress,http://www.nndb.com/people/836/000024764/,Anastasia,Ingrid Bergman
670454633,golden,75,"Thomasville, Ga",27-Feb-30,White,Na,Straight,1958,Best Actress,http://www.nndb.com/people/747/000043618/,The Three Faces of Eve,Joanne Woodward
670454634,finalized,3,"Brooklyn, Ny",30-Jun-18,White,Roman Catholic,Straight,1959,Best Actress,http://www.nndb.com/people/805/000063616/,I Want To Live!,Susan Hayward
670454635,finalized,3,"Wiesbaden, Germany",25-Mar-21,White,Na,Straight,1960,Best Actress,http://www.nndb.com/people/804/000063615/,Room at the Top,Simone Signoret
670454636,finalized,3,"London, England",27-Feb-32,White,Jewish,Straight,1961,Best Actress,http://www.nndb.com/people/624/000023555/,Butterfield 8,Elizabeth Taylor
670454637,finalized,3,"Pozzuoli, Italy",20-Sep-34,White,Roman Catholic,Straight,1962,Best Actress,http://www.nndb.com/people/811/000023742/,Two Women,Sophia Loren
670454638,finalized,3,"Bronx, Ny",17-Sep-31,White,Roman Catholic,Straight,1963,Best Actress,http://www.nndb.com/people/439/000023370/,The Miracle Worker,Anne Bancroft
670454639,finalized,3,"Packard, Ky",20-Jan-26,White,Roman Catholic,Straight,1964,Best Actress,http://www.nndb.com/people/226/000042100/,Hud,Patricia Neal
670454640,finalized,3,"Walton-on-Thames, Surrey, England",1-Oct-35,White,Na,Straight,1965,Best Actress,http://www.nndb.com/people/874/000023805/,Mary Poppins,Julie Andrews
670454641,finalized,3,"Chabua, Assam, India",14-Apr-41,White,Na,Straight,1966,Best Actress,http://www.nndb.com/people/801/000063612/,Darling,Julie Christie
670454642,golden,86,"London, England",27-Feb-32,White,Jewish,Straight,1967,Best Actress,http://www.nndb.com/people/624/000023555/,Who's Afraid of Virginia Woolf?,Elizabeth Taylor
670454643,finalized,3,"Hartford, Ct",12-May-07,White,Atheist,Bisexual,1968,Best Actress,http://www.nndb.com/people/775/000023706/,Guess Who's Coming to Dinner,Katharine Hepburn
670454644,finalized,3,"Brooklyn, Ny",24-Apr-42,White,Jewish,Straight,1969,Best Actress,http://www.nndb.com/people/526/000022460/,Funny Girl,Barbra Streisand
670454645,finalized,3,"Hartford, Ct",12-May-07,White,Atheist,Bisexual,1969,Best Actress,http://www.nndb.com/people/775/000023706/,The Lion in Winter,Katharine Hepburn
670454646,golden,89,"Ilford, Essex, England",28-Dec-34,White,Na,Straight,1970,Best Actress,http://www.nndb.com/people/260/000030170/,The Prime of Miss Jean Brodie,Maggie Smith
670454647,finalized,3,"Birkenhead, Cheshire, England",9-May-36,White,Na,Straight,1971,Best Actress,http://www.nndb.com/people/799/000063610/,Women in Love,Glenda Jackson
670454648,finalized,3,New York City,21-Dec-37,White,Born-Again Christian,Straight,1972,Best Actress,http://www.nndb.com/people/637/000022571/,Klute,Jane Fonda
670454649,finalized,3,"Los Angeles, Ca",12-Mar-46,White,Na,Na,1973,Best Actress,http://www.nndb.com/people/724/000024652/,Cabaret,Liza Minnelli
670454650,finalized,3,"Birkenhead, Cheshire, England",9-May-36,White,Na,Straight,1974,Best Actress,http://www.nndb.com/people/799/000063610/,A Touch of Class,Glenda Jackson
670454651,finalized,3,"Detroit, Mi",7-Dec-32,White,Sufism,Straight,1975,Best Actress,http://www.nndb.com/people/650/000023581/,Alice Doesn't Live Here Anymore,Ellen Burstyn
670454652,finalized,3,"Birmingham, Al",22-Jul-34,White,Na,Straight,1976,Best Actress,http://www.nndb.com/people/798/000063609/,One Flew Over the Cuckoo's Nest,Louise Fletcher
670454653,golden,91,"Bascom, Fl",14-Jan-41,White,Roman Catholic,Straight,1977,Best Actress,http://www.nndb.com/people/884/000022818/,Network,Faye Dunaway
670454654,finalized,3,"Los Angeles, Ca",5-Jan-46,White,Atheist,Straight,1978,Best Actress,http://www.nndb.com/people/879/000022813/,Annie Hall,Diane Keaton
670454655,finalized,3,New York City,21-Dec-37,White,Born-Again Christian,Straight,1979,Best Actress,http://www.nndb.com/people/637/000022571/,Coming Home,Jane Fonda
670454656,finalized,3,"Pasadena, Ca",6-Nov-46,White,Na,Straight,1980,Best Actress,http://www.nndb.com/people/897/000022831/,Norma Rae,Sally Field
670454657,finalized,3,"Quitman, Tx",25-Dec-49,White,Na,Straight,1981,Best Actress,http://www.nndb.com/people/758/000023689/,Coal Miner's Daughter,Sissy Spacek
670454658,finalized,3,"Hartford, Ct",12-May-07,White,Atheist,Bisexual,1982,Best Actress,http://www.nndb.com/people/775/000023706/,On Golden Pond,Katharine Hepburn
670454659,finalized,3,"Summit, Nj",22-Jun-49,White,Na,Straight,1983,Best Actress,http://www.nndb.com/people/001/000024926/,Sophie's Choice,Meryl Streep
670454660,finalized,3,"Richmond, Va",24-Apr-34,White,Baptist,Straight,1984,Best Actress,http://www.nndb.com/people/799/000023730/,Terms of Endearment,Shirley MacLaine
670454661,finalized,3,"Pasadena, Ca",6-Nov-46,White,Na,Straight,1985,Best Actress,http://www.nndb.com/people/897/000022831/,Places in the Heart,Sally Field
670454662,finalized,3,"Kirksville, Mo",22-Nov-24,White,Na,Straight,1986,Best Actress,http://www.nndb.com/people/780/000043651/,The Trip to Bountiful,Geraldine Page
670454663,finalized,3,"Morton Grove, Il",24-Aug-65,White,Jewish,Straight,1987,Best Actress,http://www.nndb.com/people/870/000023801/,Children of a Lesser God,Marlee Matlin
670454664,finalized,3,"El Centro, Ca",20-May-46,White,Na,Bisexual,1988,Best Actress,http://www.nndb.com/people/688/000022622/,Moonstruck,Cher
670454665,finalized,3,"Los Angeles, Ca",19-Nov-62,White,Atheist,Lesbian,1989,Best Actress,http://www.nndb.com/people/756/000023687/,The Accused,Jodie Foster
670454666,finalized,3,"London, England",7-Jun-09,White,Na,Straight,1990,Best Actress,http://www.nndb.com/people/017/000023945/,Driving Miss Daisy,Jessica Tandy
670454667,finalized,3,"Memphis, Tn",28-Jun-48,White,Na,Straight,1991,Best Actress,http://www.nndb.com/people/907/000024835/,Misery,Kathy Bates
670454668,finalized,3,"Los Angeles, Ca",19-Nov-62,White,Atheist,Lesbian,1992,Best Actress,http://www.nndb.com/people/756/000023687/,The Silence of the Lambs,Jodie Foster
670454669,finalized,3,"London, England",15-Apr-59,White,Na,Straight,1993,Best Actress,http://www.nndb.com/people/627/000025552/,Howards End,Emma Thompson
670454670,finalized,3,"Conyers, Ga",20-Mar-58,White,Na,Straight,1994,Best Actress,http://www.nndb.com/people/566/000023497/,The Piano,Holly Hunter
670454671,finalized,3,"Cloquet, Mn",20-Apr-49,White,Na,Straight,1995,Best Actress,http://www.nndb.com/people/004/000022935/,Blue Sky,Jessica Lange
670454672,finalized,3,"Queens, Ny",4-Oct-46,White,Roman Catholic,Straight,1996,Best Actress,http://www.nndb.com/people/762/000024690/,Dead Man Walking,Susan Sarandon
670454673,finalized,3,"Chicago, Il",23-Jun-57,White,Disciples of Christ,Straight,1997,Best Actress,http://www.nndb.com/people/517/000025442/,Fargo,Frances McDormand
670454674,finalized,3,"Culver City, Ca",15-Jun-63,White,Na,Straight,1998,Best Actress,http://www.nndb.com/people/554/000023485/,As Good As It Gets,Helen Hunt
670454675,golden,91,"Los Angeles, Ca",27-Sep-72,White,Jewish,Straight,1999,Best Actress,http://www.nndb.com/people/592/000023523/,Shakespeare in Love,Gwyneth Paltrow
670454676,finalized,3,"Lincoln, Ne",30-Jul-74,White,Na,Straight,2000,Best Actress,http://www.nndb.com/people/333/000026255/,Boys Don't Cry,Hilary Swank
670454677,finalized,3,"Smyrna, Ga",28-Oct-67,White,Hindu,Straight,2001,Best Actress,http://www.nndb.com/people/592/000022526/,Erin Brockovich,Julia Roberts
670454678,finalized,3,"Cleveland, Oh",14-Aug-66,Multiracial,Na,Straight,2002,Best Actress,http://www.nndb.com/people/487/000023418/,Monster's Ball,Halle Berry
670454679,finalized,3,"Honolulu, Hi",20-Jun-67,White,Roman Catholic,Straight,2003,Best Actress,http://www.nndb.com/people/917/000022851/,The Hours,Nicole Kidman
670454680,finalized,3,"Benoni, South Africa",7-Aug-75,White,Na,Straight,2004,Best Actress,http://www.nndb.com/people/146/000026068/,Monster,Charlize Theron
670454681,golden,85,"Lincoln, Ne",30-Jul-74,White,Na,Straight,2005,Best Actress,http://www.nndb.com/people/333/000026255/,Million Dollar Baby,Hilary Swank
670454682,finalized,3,"New Orleans, La",22-Mar-76,White,Na,Straight,2006,Best Actress,http://www.nndb.com/people/813/000022747/,Walk the Line,Reese Witherspoon
670454683,finalized,3,"Chiswick, London, England",26-Jul-45,White,Na,Straight,2007,Best Actress,http://www.nndb.com/people/907/000044775/,The Queen,Helen Mirren
670454684,finalized,3,"Paris, France",30-Sep-75,White,Na,Straight,2008,Best Actress,http://www.nndb.com/people/723/000136315/,The Passionate Life of Edith Piaf,Marion Cotillard
670454685,finalized,3,"Reading, England",5-Oct-75,White,Na,Straight,2009,Best Actress,http://www.nndb.com/people/582/000023513/,The Reader,Kate Winslet
670454686,finalized,3,"Arlington, Va",26-Jul-64,White,Na,Straight,2010,Best Actress,http://www.nndb.com/people/601/000023532/,The Blind Side,Sandra Bullock
670454687,finalized,3,"Jerusalem, Israel",9-Jun-81,White,Jewish,Straight,2011,Best Actress,http://www.nndb.com/people/040/000022971/,Black Swan,Natalie Portman
670454688,finalized,3,"Summit, Nj",22-Jun-49,White,Na,Straight,2012,Best Actress,http://www.nndb.com/people/001/000024926/,The Iron Lady,Meryl Streep
670454689,finalized,3,"Louisville, Ky",15-Aug-90,White,Na,Na,2013,Best Actress,http://www.nndb.com/people/597/000272778/,Silver Linings Playbook,Jennifer Lawrence
670454690,finalized,3,"Melbourne, Victoria, Australia",14-May-69,White,Na,Straight,2014,Best Actress,http://www.nndb.com/people/222/000026144/,Blue Jasmine,Cate Blanchett
670454691,finalized,3,"Litchfield, Mn",15-Feb-1899,White,Na,Straight,1937,Best Supporting Actress,http://www.nndb.com/people/062/000063870/,Anthony Adverse,Gale Sondergaard
670454692,finalized,3,New York City,2-Nov-1892,White,Na,Straight,1938,Best Supporting Actress,http://www.nndb.com/people/079/000063887/,In Old Chicago,Alice Brady
670454693,finalized,3,"Los Angeles, Ca",7-Dec-1891,White,Na,Straight,1939,Best Supporting Actress,http://www.nndb.com/people/074/000063882/,Jezebel,Fay Bainter
670454694,finalized,3,"Wichita, Ks",10-Jun-1893,Black,Christian,Matter of Dispute,1940,Best Supporting Actress,http://www.nndb.com/people/077/000063885/,Gone with the Wind,Hattie McDaniel
670454695,finalized,3,"Palmyra, Mo",15-Oct-1879,White,Na,Straight,1941,Best Supporting Actress,http://www.nndb.com/people/078/000063886/,The Grapes of Wrath,Jane Darwell
670454696,golden,91,"Quincy, Il",3-May-06,White,Roman Catholic,Straight,1942,Best Supporting Actress,http://www.nndb.com/people/690/000042564/,The Great Lie,Mary Astor
670454697,finalized,3,New York City,27-Oct-18,White,Na,Straight,1943,Best Supporting Actress,http://www.nndb.com/people/580/000045445/,Mrs. Miniver,Teresa Wright
670454698,finalized,3,"Athens, Greece",17-Dec-00,White,Na,Straight,1944,Best Supporting Actress,http://www.nndb.com/people/080/000063888/,For Whom the Bell Tolls,Katina Paxinou
670454699,finalized,3,"Philadelphia, Pa",15-Aug-1879,White,Roman Catholic,Straight,1945,Best Supporting Actress,http://www.nndb.com/people/743/000043614/,None but the Lonely Heart,Ethel Barrymore
670454700,golden,76,New York City,25-Jun-03,White,Na,Straight,1946,Best Supporting Actress,http://www.nndb.com/people/081/000063889/,National Velvet,Anne Revere
670454701,finalized,3,"Michigan City, In",7-May-23,White,Na,Straight,1947,Best Supporting Actress,http://www.nndb.com/people/458/000026380/,The Razor's Edge,Anne Baxter
670454702,finalized,3,New York City,29-Apr-17,White,Na,Straight,1948,Best Supporting Actress,http://www.nndb.com/people/084/000063892/,Gentleman's Agreement,Celeste Holm
670454703,finalized,3,New York City,8-Mar-10,White,Na,Straight,1949,Best Supporting Actress,http://www.nndb.com/people/085/000063893/,Key Largo,Claire Trevor
670454704,finalized,3,"Joliet, Il",17-Mar-16,White,Roman Catholic,Straight,1950,Best Supporting Actress,http://www.nndb.com/people/086/000063894/,All the King's Men,Mercedes McCambridge
670454705,finalized,3,"Newtonville, Ma",3-Jan-1886,White,Na,Straight,1951,Best Supporting Actress,http://www.nndb.com/people/087/000063895/,Harvey,Josephine Hull
670454706,finalized,3,"Detroit, Mi",12-Nov-22,White,Na,Straight,1952,Best Supporting Actress,http://www.nndb.com/people/501/000051348/,A Streetcar Named Desire,Kim Hunter
670454707,finalized,3,"Los Angeles, Ca",28-Nov-23,White,Na,Straight,1953,Best Supporting Actress,http://www.nndb.com/people/088/000063896/,The Bad and the Beautiful,Gloria Grahame
670454708,finalized,3,"Denison, Ia",27-Jan-21,White,Na,Straight,1954,Best Supporting Actress,http://www.nndb.com/people/702/000031609/,From Here to Eternity,Donna Reed
670454709,finalized,3,"Newark, Nj",4-Jul-24,White,Na,Straight,1955,Best Supporting Actress,http://www.nndb.com/people/980/000022914/,On the Waterfront,Eva Marie Saint
670454710,finalized,3,"Oakland, Ca",30-Dec-14,White,Na,Straight,1956,Best Supporting Actress,http://www.nndb.com/people/089/000063897/,East of Eden,Jo Van Fleet
670454711,finalized,3,"Chicago, Il",30-Jan-25,White,Na,Straight,1957,Best Supporting Actress,http://www.nndb.com/people/090/000063898/,Written on the Wind,Dorothy Malone
670454712,finalized,3,"Otaro, Hokkaido, Japan",3-Apr-29,Asian,Na,Straight,1958,Best Supporting Actress,http://www.nndb.com/people/091/000063899/,Sayonara,Miyoshi Umeki
670454713,finalized,3,"Bramhall, Cheshire, England",15-Aug-12,White,Na,Straight,1959,Best Supporting Actress,http://www.nndb.com/people/056/000063864/,Separate Tables,Wendy Hiller
670454714,finalized,3,"St. Louis, Mo",18-Aug-20,White,Jewish,Straight,1960,Best Supporting Actress,http://www.nndb.com/people/859/000022793/,The Diary of Anne Frank,Shelley Winters
670454715,finalized,3,"Charleroi, Pa",31-Mar-34,White,Methodist,Straight,1961,Best Supporting Actress,http://www.nndb.com/people/795/000023726/,Elmer Gantry,Shirley Jones
670454716,finalized,3,"Humacao, Puerto Rico",11-Dec-31,Hispanic,Na,Straight,1962,Best Supporting Actress,http://www.nndb.com/people/463/000023394/,West Side Story,Rita Moreno
670454717,finalized,3,"Elmhurst, Ny",14-Dec-46,White,Roman Catholic,Straight,1963,Best Supporting Actress,http://www.nndb.com/people/775/000022709/,The Miracle Worker,Patty Duke
670454718,finalized,3,"London, England",11-May-1892,White,Na,Straight,1964,Best Supporting Actress,http://www.nndb.com/people/052/000063860/,the V.I.P.s,Margaret Rutherford
670454719,finalized,3,"St. Petersburg, Russia",9-Oct-18,White,Na,Straight,1965,Best Supporting Actress,http://www.nndb.com/people/049/000063857/,Zorba the Greek,Lila Kedrova
670454720,finalized,3,"St. Louis, Mo",18-Aug-20,White,Jewish,Straight,1966,Best Supporting Actress,http://www.nndb.com/people/859/000022793/,A Patch of Blue,Shelley Winters
670454721,finalized,3,"Hastings, Ne",27-Apr-37,White,Na,Bisexual,1967,Best Supporting Actress,http://www.nndb.com/people/961/000063772/,Who's Afraid of Virginia Woolf?,Sandy Dennis
670454722,finalized,3,"Marblehead, Ma",20-Nov-27,White,Na,Straight,1968,Best Supporting Actress,http://www.nndb.com/people/475/000032379/,Bonnie and Clyde,Estelle Parsons
670454723,finalized,3,"Quincy, Ma",30-Oct-1896,White,Na,Straight,1969,Best Supporting Actress,http://www.nndb.com/people/818/000043689/,Rosemary's Baby,Ruth Gordon
670454724,finalized,3,"Silver Spring, Md",21-Nov-45,White,Buddhist,Straight,1970,Best Supporting Actress,http://www.nndb.com/people/996/000022930/,Cactus Flower,Goldie Hawn
670454725,finalized,3,"Washington, Dc",10-Oct-00,White,Na,Straight,1971,Best Supporting Actress,http://www.nndb.com/people/908/000031815/,Airport,Helen Hayes
670454726,finalized,3,"Des Moines, Ia",30-Apr-26,White,Na,Straight,1972,Best Supporting Actress,http://www.nndb.com/people/177/000023108/,The Last Picture Show,Cloris Leachman
670454727,finalized,3,"Columbus, Oh",29-Mar-19,White,Na,Straight,1973,Best Supporting Actress,http://www.nndb.com/people/828/000063639/,Butterflies Are Free,Eileen Heckart
670454728,finalized,3,"Los Angeles, Ca",5-Nov-63,White,Na,Straight,1974,Best Supporting Actress,http://www.nndb.com/people/104/000024032/,Paper Moon,Tatum O'Neal
670454729,finalized,3,"Stockholm, Sweden",29-Aug-15,White,Na,Straight,1975,Best Supporting Actress,http://www.nndb.com/people/836/000024764/,Murder on the Orient Express,Ingrid Bergman
670454730,golden,87,New York City,31-Oct-27,White,Jewish,Straight,1976,Best Supporting Actress,http://www.nndb.com/people/409/000032313/,Shampoo,Lee Grant
670454731,finalized,3,"Old Westbury, Ny",2-Aug-14,White,Na,Straight,1977,Best Supporting Actress,http://www.nndb.com/people/817/000063628/,Network,Beatrice Straight
670454732,finalized,3,"London, England",30-Jan-37,White,Na,Straight,1978,Best Supporting Actress,http://www.nndb.com/people/590/000023521/,Julia,Vanessa Redgrave
670454733,finalized,3,"Ilford, Essex, England",28-Dec-34,White,Na,Straight,1979,Best Supporting Actress,http://www.nndb.com/people/260/000030170/,California Suite,Maggie Smith
670454734,finalized,3,"Summit, Nj",22-Jun-49,White,Na,Straight,1980,Best Supporting Actress,http://www.nndb.com/people/001/000024926/,Kramer vs. Kramer,Meryl Streep
670454735,finalized,3,"Newport, Ar",8-Feb-53,White,Na,Straight,1981,Best Supporting Actress,http://www.nndb.com/people/271/000025196/,Melvin and Howard,Mary Steenburgen
670454736,finalized,3,"Troy, Ny",21-Jun-25,White,Roman Catholic,Straight,1982,Best Supporting Actress,http://www.nndb.com/people/376/000032280/,Reds,Maureen Stapleton
670454737,finalized,3,"Cloquet, Mn",20-Apr-49,White,Na,Straight,1983,Best Supporting Actress,http://www.nndb.com/people/004/000022935/,Tootsie,Jessica Lange
670454738,finalized,3,"Morristown, Nj",2-Apr-45,White,Na,Na,1984,Best Supporting Actress,http://www.nndb.com/people/671/000024599/,The Year of Living Dangerously,Linda Hunt
670454739,finalized,3,"Croydon, Surrey, England",22-Dec-07,White,Agnostic,Straight,1985,Best Supporting Actress,http://www.nndb.com/people/816/000063627/,A Passage to India,Peggy Ashcroft
670454740,finalized,3,"Santa Monica, Ca",8-Jul-51,White,Na,Straight,1986,Best Supporting Actress,http://www.nndb.com/people/128/000025053/,Prizzi's Honor,Anjelica Huston
670454741,finalized,3,"Kansas City, Mo",28-Mar-48,White,Na,Straight,1987,Best Supporting Actress,http://www.nndb.com/people/894/000024822/,Hannah and Her Sisters,Dianne Wiest
670454742,finalized,3,"Lowell, Ma",20-Jun-31,White,Na,Straight,1988,Best Supporting Actress,http://www.nndb.com/people/430/000023361/,Moonstruck,Olympia Dukakis
670454743,finalized,3,"Wareham, Ma",21-Jan-56,White,Congregationalist,Straight,1989,Best Supporting Actress,http://www.nndb.com/people/883/000022817/,The Accidental Tourist,Geena Davis
670454744,finalized,3,"Dublin, Ireland",17-Feb-45,White,Na,Straight,1990,Best Supporting Actress,http://www.nndb.com/people/815/000063626/,My Left Foot,Brenda Fricker
670454745,finalized,3,New York City,13-Nov-55,Black,Atheist,Straight,1991,Best Supporting Actress,http://www.nndb.com/people/242/000025167/,Ghost,Whoopi Goldberg
670454746,finalized,3,"Queens, Ny",28-Feb-48,Hispanic,Roman Catholic,Straight,1992,Best Supporting Actress,http://www.nndb.com/people/890/000024818/,The Fisher King,Mercedes Ruehl
670454747,finalized,3,"Brooklyn, Ny",4-Dec-64,White,Na,Straight,1993,Best Supporting Actress,http://www.nndb.com/people/985/000025910/,My Cousin Vinny,Marisa Tomei
670454748,finalized,3,"Winnipeg, Manitoba, Canada",24-Jul-82,White,Na,Bisexual,1994,Best Supporting Actress,http://www.nndb.com/people/763/000025688/,The Piano,Anna Paquin
670454749,finalized,3,"Kansas City, Mo",28-Mar-48,White,Na,Straight,1995,Best Supporting Actress,http://www.nndb.com/people/894/000024822/,Bullets Over Broadway,Dianne Wiest
670454750,finalized,3,"Tenafly, Nj",28-Sep-67,White,Atheist,Straight,1996,Best Supporting Actress,http://www.nndb.com/people/890/000025815/,Mighty Aphrodite,Mira Sorvino
670454751,finalized,3,"Paris, France",9-Mar-64,White,Na,Straight,1997,Best Supporting Actress,http://www.nndb.com/people/970/000025895/,The English Patient,Juliette Binoche
670454752,finalized,3,"Athens, Ga",8-Dec-53,White,Na,Straight,1998,Best Supporting Actress,http://www.nndb.com/people/310/000025235/,L.A. Confidential,Kim Basinger
670454753,finalized,3,"York, North Yorkshire, England",9-Dec-34,White,Quaker,Straight,1999,Best Supporting Actress,http://www.nndb.com/people/824/000023755/,Shakespeare in Love,Judi Dench
670454754,golden,87,"Los Angeles, Ca",4-Jun-75,White,Buddhist,Bisexual,2000,Best Supporting Actress,http://www.nndb.com/people/493/000023424/,"Girl, Interrupted",Angelina Jolie
670454755,golden,91,"La Jolla, Ca",14-Aug-59,White,Na,Straight,2001,Best Supporting Actress,http://www.nndb.com/people/641/000025566/,Pollock,Marcia Gay Harden
670454756,finalized,3,"Catskill Mountains, Ny",12-Dec-70,White,Jewish,Straight,2002,Best Supporting Actress,http://www.nndb.com/people/240/000026162/,A Beautiful Mind,Jennifer Connelly
670454757,finalized,3,"Mumbles, Wales",25-Sep-69,White,Roman Catholic,Straight,2003,Best Supporting Actress,http://www.nndb.com/people/516/000023447/,Chicago,Catherine Zeta-Jones
670454758,finalized,3,"Katy, Tx",25-Apr-69,White,Na,Straight,2004,Best Supporting Actress,http://www.nndb.com/people/708/000024636/,Cold Mountain,RenÃ©e Zellweger
670454759,finalized,3,"Melbourne, Victoria, Australia",14-May-69,White,Na,Straight,2005,Best Supporting Actress,http://www.nndb.com/people/222/000026144/,The Aviator,Cate Blanchett
670454760,golden,92,"London, England",7-Mar-71,White,Jewish,Straight,2006,Best Supporting Actress,http://www.nndb.com/people/309/000032213/,The Constant Gardener,Rachel Weisz
670454761,finalized,3,"Chicago, Il",12-Sep-81,Black,Baptist,Straight,2007,Best Supporting Actress,http://www.nndb.com/people/434/000129047/,Dreamgirls,Jennifer Hudson
670454762,finalized,3,"London, England",5-Nov-60,White,Na,Straight,2007,Best Supporting Actress,http://www.nndb.com/people/178/000108851/,Michael Clayton,Tilda Swinton
670454763,finalized,3,"Madrid, Spain",28-Apr-74,Hispanic,Buddhist,Straight,2009,Best Supporting Actress,http://www.nndb.com/people/748/000025673/,Vicky Cristina Barcelona,Penelope Cruz
670454764,golden,86,"Woodlawn, Md",11-Dec-67,Black,Na,Straight,2010,Best Supporting Actress,http://www.nndb.com/people/836/000131443/,Precious,Mo'Nique
670454765,finalized,3,New York City,14-Sep-60,White,Na,Straight,2011,Best Supporting Actress,http://www.nndb.com/people/327/000042201/,The Fighter,Melissa Leo
670454766,finalized,3,"Montgomery, Al",25-May-72,Black,Na,Na,2012,Best Supporting Actress,http://www.nndb.com/people/304/000281458/,The Help,Octavia Spencer
670454767,finalized,3,"Brooklyn, Ny",12-Nov-82,White,Christian,Straight,2013,Best Supporting Actress,http://www.nndb.com/people/220/000032124/,Les MisÃ©rables,Anne Hathaway
670454768,finalized,3,"Mexico City, Mexico",1-Mar-83,Black,Na,Na,2014,Best Supporting Actress,http://www.nndb.com/people/570/000380427/,12 Years a Slave,Lupita Nyong'o
670927629,finalized,3,"Sucha, Galicia, Austria",22-Jun-06,White,Jewish,Straight,1961,Best Director,http://www.nndb.com/people/982/000024910/,The Apartment,Billy Wilder
670939613,finalized,3,"Independence, Mo",16-Jul-11,White,Christian Science,Straight,1941,Best Actress,http://www.nndb.com/people/635/000043506/,Kitty Foyle,Ginger Rogers
670944094,finalized,3,"Concord, Ca",9-Jul-56,White,Born-Again Christian,Straight,1994,Best Actor,http://www.nndb.com/people/687/000022621/,Philadelphia,Tom Hanks
670944168,finalized,3,New York City,3-Feb-39,White,Na,Straight,1979,Best Director,http://www.nndb.com/people/810/000043681/,The Deer Hunter,Michael Cimino
670944316,finalized,3,"Quincy, Il",3-May-06,White,Roman Catholic,Straight,1942,Best Supporting Actress,http://www.nndb.com/people/690/000042564/,The Great Lie,Mary Astor
670944478,finalized,3,"Los Angeles, Ca",4-Jun-75,White,Buddhist,Bisexual,2000,Best Supporting Actress,http://www.nndb.com/people/493/000023424/,"Girl, Interrupted",Angelina Jolie
670944543,finalized,3,New York City,31-Oct-27,White,Jewish,Straight,1976,Best Supporting Actress,http://www.nndb.com/people/409/000032313/,Shampoo,Lee Grant
670944623,finalized,3,New York City,25-Jun-03,White,Na,Straight,1946,Best Supporting Actress,http://www.nndb.com/people/081/000063889/,National Velvet,Anne Revere
670944674,finalized,3,"Bascom, Fl",14-Jan-41,White,Roman Catholic,Straight,1977,Best Actress,http://www.nndb.com/people/884/000022818/,Network,Faye Dunaway
670944755,finalized,3,"Walters, Ok",13-Dec-10,White,Na,Straight,1943,Best Supporting Actor,http://www.nndb.com/people/680/000042554/,Johnny Eager,Van Heflin
670944822,finalized,3,"Thomasville, Ga",27-Feb-30,White,Na,Straight,1958,Best Actress,http://www.nndb.com/people/747/000043618/,The Three Faces of Eve,Joanne Woodward
670944835,finalized,3,"Helena, Mt",7-May-01,White,Roman Catholic,Straight,1953,Best Actor,http://www.nndb.com/people/740/000031647/,High Noon,Gary Cooper
670944920,finalized,3,"London, England",27-Feb-32,White,Jewish,Straight,1967,Best Actress,http://www.nndb.com/people/624/000023555/,Who's Afraid of Virginia Woolf?,Elizabeth Taylor
670944948,finalized,3,"Lincoln, Ne",30-Jul-74,White,Na,Straight,2005,Best Actress,http://www.nndb.com/people/333/000026255/,Million Dollar Baby,Hilary Swank
670945043,golden,86,"Lincoln, Ne",30-Jul-74,White,Na,Straight,2005,Best Actress,http://www.nndb.com/people/333/000026255/,Million Dollar Baby,Hilary Swank
670945693,finalized,3,"Los Angeles, Ca",27-Sep-72,White,Jewish,Straight,1999,Best Actress,http://www.nndb.com/people/592/000023523/,Shakespeare in Love,Gwyneth Paltrow
670945790,finalized,3,"Malden, Ma",16-Jun-07,White,Na,Na,1969,Best Supporting Actor,http://www.nndb.com/people/559/000049412/,The Subject Was Roses,Jack Albertson
670945834,finalized,3,"Woodlawn, Md",11-Dec-67,Black,Na,Straight,2010,Best Supporting Actress,http://www.nndb.com/people/836/000131443/,Precious,Mo'Nique
670945895,finalized,3,"La Jolla, Ca",14-Aug-59,White,Na,Straight,2001,Best Supporting Actress,http://www.nndb.com/people/641/000025566/,Pollock,Marcia Gay Harden
670946199,finalized,3,"Ilford, Essex, England",28-Dec-34,White,Na,Straight,1970,Best Actress,http://www.nndb.com/people/260/000030170/,The Prime of Miss Jean Brodie,Maggie Smith
670946276,finalized,3,"London, England",7-Mar-71,White,Jewish,Straight,2006,Best Supporting Actress,http://www.nndb.com/people/309/000032213/,The Constant Gardener,Rachel Weisz
670946299,finalized,3,"Manchester, England",20-Oct-56,White,Roman Catholic,Straight,2009,Best Director,http://www.nndb.com/people/887/000044755/,Slumdog Millionaire,Danny Boyle
670964912,finalized,3,"Chicago, Il",26-Jul-22,White,Na,Straight,1977,Best Supporting Actor,http://www.nndb.com/people/224/000032128/,All the President's Men,Jason Robards
670964956,finalized,3,"Laurel, Ne",31-Aug-28,White,Na,Straight,1999,Best Supporting Actor,http://www.nndb.com/people/764/000022698/,Affliction,James Coburn
670972898,finalized,3,"Nevada, Mo",5-Aug-06,White,Na,Straight,1949,Best Director,http://www.nndb.com/people/704/000024632/,The Treasure of the Sierra Madre,John Huston
